﻿[
	{
		"category":"私营企业",
		"name":"杭州易网灵杰科技有限公司",
		"url":"http://www.eoner.com/",
		"image":"images/eoner.png",
		"time":"2008年-2010年",
		"posts":"技术副总",
		"reportto":"总经理",
		"peoples":"30",
		"projects":"商企通视讯服务平台等"
	},
	{
		"category":"民营企业",
		"name":"浙江珍诚医药股份有限公司",
		"url":"http://www.zc511.net/",
		"image":"images/zc511.png",
		"time":"2010年-2015年",
		"posts":"技术总监",
		"reportto":"总经理",
		"peoples":"30",
		"projects":"zc511.com、53118.com等"
	},
	{
		"category":"私营企业",
		"name":"睿眼通（上海）信息科技有限公司",
		"url":"http://www.ruiyantong.com/",
		"image":"images/ruiyantong.png",
		"time":"2015年-2016年",
		"posts":"技术总监",
		"reportto":"总经理",
		"peoples":"2",
		"projects":"ruiyantong.com、zhengjiaotong.com等"
	}
]